{
  "project_info": {
    "project_number": "430172151150",
    "project_id": "myproject20210127",
    "storage_bucket": "myproject20210127.appspot.com"
  },
  "client": [
    {
      "client_info": {
        "mobilesdk_app_id": "1:430172151150:android:c8e0780528ee3a8d57357f",
        "android_client_info": {
          "package_name": "tw.com.xvpower.firebase_photoproject"
        }
      },
      "oauth_client": [
        {
          "client_id": "430172151150-o1ds4kgdvk9s7fntdo4s7jfgu8pgi612.apps.googleusercontent.com",
          "client_type": 3
        }
      ],
      "api_key": [
        {
          "current_key": "AIzaSyB160ugRKNk_sH2qXMWqsGAuhrjJgea1iI"
        }
      ],
      "services": {
        "appinvite_service": {
          "other_platform_oauth_client": [
            {
              "client_id": "430172151150-o1ds4kgdvk9s7fntdo4s7jfgu8pgi612.apps.googleusercontent.com",
              "client_type": 3
            }
          ]
        }
      }
    },
    {
      "client_info": {
        "mobilesdk_app_id": "1:430172151150:android:1f8166c37192955857357f",
        "android_client_info": {
          "package_name": "tw.com.xvpower.firebaselogin"
        }
      },
      "oauth_client": [
        {
          "client_id": "430172151150-o1ds4kgdvk9s7fntdo4s7jfgu8pgi612.apps.googleusercontent.com",
          "client_type": 3
        }
      ],
      "api_key": [
        {
          "current_key": "AIzaSyB160ugRKNk_sH2qXMWqsGAuhrjJgea1iI"
        }
      ],
      "services": {
        "appinvite_service": {
          "other_platform_oauth_client": [
            {
              "client_id": "430172151150-o1ds4kgdvk9s7fntdo4s7jfgu8pgi612.apps.googleusercontent.com",
              "client_type": 3
            }
          ]
        }
      }
    },
    {
      "client_info": {
        "mobilesdk_app_id": "1:430172151150:android:eec9b4f76f015b6657357f",
        "android_client_info": {
          "package_name": "tw.com.xvpower.testfirebasecloud"
        }
      },
      "oauth_client": [
        {
          "client_id": "430172151150-o1ds4kgdvk9s7fntdo4s7jfgu8pgi612.apps.googleusercontent.com",
          "client_type": 3
        }
      ],
      "api_key": [
        {
          "current_key": "AIzaSyB160ugRKNk_sH2qXMWqsGAuhrjJgea1iI"
        }
      ],
      "services": {
        "appinvite_service": {
          "other_platform_oauth_client": [
            {
              "client_id": "430172151150-o1ds4kgdvk9s7fntdo4s7jfgu8pgi612.apps.googleusercontent.com",
              "client_type": 3
            }
          ]
        }
      }
    },
    {
      "client_info": {
        "mobilesdk_app_id": "1:430172151150:android:c9610a7e04f8b93857357f",
        "android_client_info": {
          "package_name": "tw.com.xvpower.uploadimagetofirebase"
        }
      },
      "oauth_client": [
        {
          "client_id": "430172151150-o1ds4kgdvk9s7fntdo4s7jfgu8pgi612.apps.googleusercontent.com",
          "client_type": 3
        }
      ],
      "api_key": [
        {
          "current_key": "AIzaSyB160ugRKNk_sH2qXMWqsGAuhrjJgea1iI"
        }
      ],
      "services": {
        "appinvite_service": {
          "other_platform_oauth_client": [
            {
              "client_id": "430172151150-o1ds4kgdvk9s7fntdo4s7jfgu8pgi612.apps.googleusercontent.com",
              "client_type": 3
            }
          ]
        }
      }
    }
  ],
  "configuration_version": "1"
}