[
  {
    "name": "小民",
     "exam": [
       {
         "subject":"國文",
         "score":80
       },
       {
         "subject":"數學",
         "score":90
       }
       ,{
         "subject": "英文",
         "score": 70
       }
     ]
  },
  {
    "name": "大華",
    "exam": [
      {
        "subject":"國文",
        "score":75
      },
      {
        "subject":"數學",
        "score":95
      }
    ,{
        "subject": "英文",
        "score": 87
      }
    ]
  },
  {
    "name": "文靜",
    "exam": [
      {
        "subject":"國文",
        "score":100
      },
      {
        "subject":"數學",
        "score":95
      }
    ,{
        "subject": "英文",
        "score": 98
      }
    ]
  }

]